<?xml version="1.0" encoding="UTF-8"?>

<!--
 *
 * This help file was generated from plot3c.sci using help_from_sci().
 *
 -->

<refentry version="5.0-subset Scilab" xml:id="plot3c" xml:lang="en"
          xmlns="http://docbook.org/ns/docbook"
          xmlns:xlink="http://www.w3.org/1999/xlink"
          xmlns:svg="http://www.w3.org/2000/svg"
          xmlns:ns3="http://www.w3.org/1999/xhtml"
          xmlns:mml="http://www.w3.org/1998/Math/MathML"
          xmlns:scilab="http://www.scilab.org"
          xmlns:db="http://docbook.org/ns/docbook">

  <refnamediv>
    <refname>plot3c</refname>
    <refpurpose>plots a complex signal in 3D</refpurpose>
  </refnamediv>


<refsynopsisdiv>
   <title>Calling Sequence</title>
   <synopsis>
   plot3c
   </synopsis>
</refsynopsisdiv>

<refsection>
   <title>Description</title>
   <para>
use: same as param3d
</para>
</refsection>

<refsection>
   <title>See also</title>
   <simplelist type="inline">
   <member><link linkend="plotc">plotc</link></member>
   </simplelist>
</refsection>

<refsection>
   <title>Authors</title>
   <simplelist type="vert">
   <member>H. Nahrstaedt - Aug 2010</member>
   <member>G. Rilling, last modification 12.2006 gabriel.rilling@ens-lyon.fr</member>
   </simplelist>
</refsection>
</refentry>
