<?xml version="1.0" encoding="UTF-8"?>

<!--
 *
 * This help file was generated from emd_hastag.sci using help_from_sci().
 *
 -->

<refentry version="5.0-subset Scilab" xml:id="emd_hastag" xml:lang="en"
          xmlns="http://docbook.org/ns/docbook"
          xmlns:xlink="http://www.w3.org/1999/xlink"
          xmlns:svg="http://www.w3.org/2000/svg"
          xmlns:ns3="http://www.w3.org/1999/xhtml"
          xmlns:mml="http://www.w3.org/1998/Math/MathML"
          xmlns:scilab="http://www.scilab.org"
          xmlns:db="http://docbook.org/ns/docbook">

  <refnamediv>
    <refname>emd_hastag</refname>
    <refpurpose>tests if an object has a specific tag</refpurpose>
  </refnamediv>


<refsynopsisdiv>
   <title>Calling Sequence</title>
   <synopsis>
   BOOL = emd_hastag(OBJ_HANDLE,STR)
   </synopsis>
</refsynopsisdiv>

<refsection>
   <title>Description</title>
   <para>
Tests if the object corresponding to OBJ_HANDLE has the tag STR.
When OBJ_HANDLE is an array of handles emd_hastag returns a logical array of
the same size.
   </para>
   <para>
Rem: In order for this to work properly, the object's tag field must be a string
containing keywords (or tags) separated by commas.
   </para>
   <para>
   </para>
   <para>
</para>
</refsection>

<refsection>
   <title>See also</title>
   <simplelist type="inline">
   <member><link linkend="emd_addtag">emd_addtag</link></member>
   <member><link linkend="emd_findtag">emd_findtag</link></member>
   <member><link linkend="emd_rmtag">emd_rmtag</link></member>
   </simplelist>
</refsection>

<refsection>
   <title>Authors</title>
   <simplelist type="vert">
   <member>H. Nahrstaedt - Aug 2010</member>
   <member>G.Rilling 12/2006 gabriel.rilling@ens-lyon.fr</member>
   </simplelist>
</refsection>
</refentry>
