<?xml version="1.0" encoding="UTF-8"?>

<!--
 *
 * This help file was generated from emd_local_peaks.sci using help_from_sci().
 *
 -->

<refentry version="5.0-subset Scilab" xml:id="emd_local_peaks" xml:lang="en"
          xmlns="http://docbook.org/ns/docbook"
          xmlns:xlink="http://www.w3.org/1999/xlink"
          xmlns:svg="http://www.w3.org/2000/svg"
          xmlns:ns3="http://www.w3.org/1999/xhtml"
          xmlns:mml="http://www.w3.org/1998/Math/MathML"
          xmlns:scilab="http://www.scilab.org"
          xmlns:db="http://docbook.org/ns/docbook">

  <refnamediv>
    <refname>emd_local_peaks</refname>
    <refpurpose>finds local extrema</refpurpose>
  </refnamediv>


<refsynopsisdiv>
   <title>Calling Sequence</title>
   <synopsis>
   [indmin, indmax] = emd_local_peaks(x)
   </synopsis>
</refsynopsisdiv>

<refsection>
   <title>Parameters</title>
   <variablelist>
   <varlistentry><term>inputs :</term>
      <listitem><para> </para></listitem></varlistentry>
   <varlistentry><term>- x :</term>
      <listitem><para> analyzed signal</para></listitem></varlistentry>
   <varlistentry><term>outputs :</term>
      <listitem><para> </para></listitem></varlistentry>
   </variablelist>
</refsection>

<refsection>
   <title>Examples</title>
   <programlisting role="example"><![CDATA[
x=sin(2*%pi*10*linspace(0,1,100));
[indmin, indmax] = emd_local_peaks(x);
scf(); plot(x);
plot(indmin,x(indmin),'or');
plot(indmax,x(indmax),'oc');
   ]]></programlisting>
</refsection>

<refsection>
   <title>See also</title>
   <simplelist type="inline">
   <member><link linkend="peaks">peaks</link></member>
   <member><link linkend="emd_zero_crossings">emd_zero_crossings</link></member>
   <member><link linkend="boundary_conditions_emd">boundary_conditions_emd</link></member>
   </simplelist>
</refsection>

<refsection>
   <title>Authors</title>
   <simplelist type="vert">
   <member>H. Nahrstaedt - Aug 2010</member>
   </simplelist>
</refsection>
</refentry>
