<?xml version="1.0" encoding="UTF-8"?>

<!--
 *
 * This help file was generated from emd_rmtag.sci using help_from_sci().
 *
 -->

<refentry version="5.0-subset Scilab" xml:id="emd_rmtag" xml:lang="en"
          xmlns="http://docbook.org/ns/docbook"
          xmlns:xlink="http://www.w3.org/1999/xlink"
          xmlns:svg="http://www.w3.org/2000/svg"
          xmlns:ns3="http://www.w3.org/1999/xhtml"
          xmlns:mml="http://www.w3.org/1998/Math/MathML"
          xmlns:scilab="http://www.scilab.org"
          xmlns:db="http://docbook.org/ns/docbook">

  <refnamediv>
    <refname>emd_rmtag</refname>
    <refpurpose>removes tag from object</refpurpose>
  </refnamediv>


<refsynopsisdiv>
   <title>Calling Sequence</title>
   <synopsis>
   emd_rmtag(OBJ_HANDLE,STR)
   </synopsis>
</refsynopsisdiv>

<refsection>
   <title>Description</title>
   <para>
Removes the tag STR from the object referrenced by OBJ_HANDLE
When OBJ_HANDLE is an array of handles, the tag is removed from all
corresponding objects.
   </para>
   <para>
Rem: In order for this to work properly, the object's tag field must be a string
containing keywords (or tags) separated by commas.
   </para>
   <para>
</para>
</refsection>

<refsection>
   <title>See also</title>
   <simplelist type="inline">
   <member><link linkend="emd_addtag">emd_addtag</link></member>
   <member><link linkend="emd_hastag">emd_hastag</link></member>
   <member><link linkend="emd_findtag">emd_findtag</link></member>
   </simplelist>
</refsection>

<refsection>
   <title>Authors</title>
   <simplelist type="vert">
   <member>H. Nahrstaedt - Aug 2010</member>
   <member>G.Rilling 12/2006 gabriel.rilling@ens-lyon.fr</member>
   </simplelist>
</refsection>
</refentry>
