<?xml version="1.0" encoding="UTF-8"?>

<!--
 *
 * This help file was generated from emd_io.sci using help_from_sci().
 *
 -->

<refentry version="5.0-subset Scilab" xml:id="emd_io" xml:lang="en"
          xmlns="http://docbook.org/ns/docbook"
          xmlns:xlink="http://www.w3.org/1999/xlink"
          xmlns:svg="http://www.w3.org/2000/svg"
          xmlns:ns3="http://www.w3.org/1999/xhtml"
          xmlns:mml="http://www.w3.org/1998/Math/MathML"
          xmlns:scilab="http://www.scilab.org"
          xmlns:db="http://docbook.org/ns/docbook">

  <refnamediv>
    <refname>emd_io</refname>
    <refpurpose>computes the index of orthogonality</refpurpose>
  </refnamediv>


<refsynopsisdiv>
   <title>Calling Sequence</title>
   <synopsis>
   ORT = emd_io(X,IMF)
   </synopsis>
</refsynopsisdiv>

<refsection>
   <title>Parameters</title>
   <variablelist>
   <varlistentry><term>inputs :</term>
      <listitem><para> </para></listitem></varlistentry>
   <varlistentry><term>- X    :</term>
      <listitem><para> analyzed signal</para></listitem></varlistentry>
   <varlistentry><term>- IMF  :</term>
      <listitem><para> empirical mode decomposition</para></listitem></varlistentry>
   </variablelist>
</refsection>

<refsection>
   <title>Authors</title>
   <simplelist type="vert">
   <member>H. Nahrstaedt - Aug 2010</member>
   <member>G. Rilling, last modification: 3.2007</member>
   </simplelist>
</refsection>
</refentry>
